{
    "30,6": [
        -484359.75466017326,
        -484708.70026583824,
        -484519.633529791,
        -484250.29564691713,
        -484577.95211597707,
        -484404.4914188705,
        -484536.66508180735,
        -484535.11236829386,
        -484373.7480716237,
        -484353.1452053549,
        -476864.97094888403
    ],
    "0,0": [
        -508995.52432457823,
        -506642.72908297466,
        -507558.5036401135,
        -502947.5361749901,
        -507799.10607804754,
        -510755.3204396989,
        -508166.3247755551,
        -507976.25956620235,
        -504612.1648570083,
        -508565.6423109662,
        -497261.67877474515
    ],
    "0,1": [
        -508832.4699785647,
        -506383.436426345,
        -510617.0185904293,
        -511833.5981952403,
        -504979.3535902883,
        -507990.3852674436,
        -506821.410403466,
        -511255.6647592467,
        -511700.56342717673,
        -509101.3717744419,
        -499009.2902993641
    ],
    "0,2": [
        -504484.6796119836,
        -507672.9520961161,
        -506907.7585406151,
        -506381.0441201807,
        -502613.5615604106,
        -509336.4197689197,
        -503963.08194540814,
        -507760.0891616693,
        -505728.85175081156,
        -510665.4421082246,
        -498595.0636535766
    ],
    "0,3": [
        -506811.91908933455,
        -506511.48295018467,
        -510852.5824293667,
        -506166.4169891197,
        -506576.28519392863,
        -506569.3016339062,
        -501483.948817963,
        -506316.43902053824,
        -506804.2561528559,
        -509948.3723249414,
        -505090.8984380602
    ],
    "0,4": [
        -507854.08213760937,
        -510264.90945748857,
        -506939.8966554677,
        -507377.8953875493,
        -507924.14119587874,
        -501783.9422985794,
        -505650.1359979837,
        -510452.79647797847,
        -504867.07175894396,
        -507322.84590784676,
        -498833.2083973485
    ],
    "0,5": [
        -505938.4847367954,
        -510501.12421744317,
        -507152.1355690451,
        -504984.42974951584,
        -510357.4472206342,
        -506977.1804400078,
        -503519.1470640839,
        -508548.1566503355,
        -505247.4226543631,
        -498392.9833299639,
        -508012.4695620837
    ],
    "0,6": [
        -504169.36125523114,
        -507804.1475537132,
        -504678.32461916,
        -508333.63144310814,
        -509370.1339933432,
        -503005.2640126603,
        -500322.27366853674,
        -498096.37598347146,
        -505646.50955873565,
        -508865.2753013656,
        -504347.61719536694
    ]
}