{
    "30,6": [
        -485182.81586811796,
        -485774.04580401187,
        -485810.48375943,
        -485609.20713989856,
        -486157.49625891884,
        -485524.9517698722,
        -485134.9640922591,
        -484572.0951437078,
        -484626.82891979103,
        -485256.0883712079,
        -473810.40573653096
    ],
    "0,0": [
        -508900.24817301123,
        -504782.44073157833,
        -508711.62871225906,
        -509899.37681467785,
        -501527.9535011023,
        -509090.6668490325,
        -508492.49716028984,
        -511620.4948844877,
        -494675.0749280166,
        -510217.42585979484,
        -503202.1709816133
    ],
    "0,1": [
        -507762.53565220634,
        -503863.5645030983,
        -502512.55289274984,
        -507105.1729048284,
        -506154.08162445715,
        -504381.6528144605,
        -508041.07482278795,
        -505656.73842119,
        -504963.1550539108,
        -508619.77016029914,
        -492883.3485285839
    ],
    "0,2": [
        -493700.52357064135,
        -503350.6414635062,
        -507832.8108265889,
        -505488.4833399798,
        -501697.15979919484,
        -505281.74852945,
        -507591.6395815219,
        -507366.3384347219,
        -506308.26293641527,
        -491865.4477206429,
        -503264.9354108071
    ],
    "0,3": [
        -508688.95085200755,
        -501197.4371728578,
        -508747.7756818372,
        -509483.2170397023,
        -504208.0498936156,
        -507228.6229052433,
        -509894.5061044677,
        -506026.7302996669,
        -502731.8025707839,
        -503460.7896537412,
        -491890.4836275135
    ],
    "0,4": [
        -504941.272201051,
        -510868.33637822466,
        -507284.1302962774,
        -508923.0253897821,
        -505087.52986813104,
        -499165.9257509548,
        -509150.3094184993,
        -505579.817636603,
        -509519.1774315759,
        -500256.2472017209,
        -493008.1449561991
    ],
    "0,5": [
        -509710.3378509125,
        -503518.6889324056,
        -506389.1710294357,
        -504958.9161966585,
        -506630.2643576256,
        -502972.1241849678,
        -509666.1632032548,
        -509326.8878965251,
        -506676.95326613844,
        -506330.1992046741,
        -491381.4724818779
    ],
    "0,6": [
        -504897.5816746885,
        -505409.3305821424,
        -505601.5552673906,
        -503385.5279648701,
        -504673.06377159315,
        -503856.55173841433,
        -501299.6617263687,
        -501873.0343412262,
        -503484.12755663163,
        -502403.91510161315,
        -492199.6850003343
    ]
}