{
    "30,6": [
        -247701.32960075053,
        -247662.0191784669,
        -247543.2941702961,
        -247630.15159550338,
        -247034.44553748702
    ],
    "0,0": [
        -259935.6174290518,
        -258871.13869306215,
        -260050.022911143,
        -259589.7292209491,
        -256718.08698952716
    ],
    "0,1": [
        -260707.50236101664,
        -259275.56346456203,
        -260306.55900218684,
        -259990.44000997135,
        -257146.69895573572
    ],
    "0,2": [
        -259327.50975999056,
        -259034.6476644258,
        -257882.39810189873,
        -259005.4068652366,
        -256400.70187529485
    ],
    "0,3": [
        -258974.1094016842,
        -258017.63803880103,
        -257027.65882019396,
        -259661.18101004022,
        -259624.95621291816
    ],
    "0,4": [
        -260127.53656163224,
        -259951.28770476178,
        -260361.5885335564,
        -259113.8048815992,
        -255694.16208438156
    ],
    "0,5": [
        -259270.1109496102,
        -258814.63463033654,
        -259051.94468703226,
        -257524.8002997347,
        -255535.49637405956
    ],
    "0,6": [
        -259063.94158944685,
        -260487.0165285274,
        -259065.6770548432,
        -256855.1287072264,
        -255732.73252835457
    ]
}