{
    "30,6": [
        -480783.82550355035,
        -480580.6538555145,
        -480447.05850864114,
        -480281.0075249752,
        -480211.8070330833,
        -480024.7155421875,
        -480529.6295587348,
        -479774.84504957637,
        -479838.0162738609,
        -479631.8211557419,
        -479560.3525456326
    ],
    "0,0": [
        -511512.8229625761,
        -510437.4278474418,
        -511817.11817005055,
        -511319.16332746326,
        -509162.8365777907,
        -509316.1940455015,
        -509128.48322529835,
        -509819.71163447615,
        -511680.2046981926,
        -510175.2396839557,
        -509123.4506803953
    ],
    "0,1": [
        -512090.88112431625,
        -509853.024147972,
        -510738.73463613534,
        -510353.2855941479,
        -510561.7038396225,
        -511263.66031296685,
        -510268.2530034233,
        -512079.3486635641,
        -511423.39362527867,
        -511561.54301477317,
        -509940.12374386773
    ],
    "0,2": [
        -509729.36436679703,
        -509312.64283197536,
        -508619.3933601846,
        -509278.64163628774,
        -510300.99335339194,
        -509006.45822836884,
        -508204.68050871446,
        -508743.33323849726,
        -509485.66204871726,
        -509047.2070137579,
        -507862.1090693453
    ],
    "0,3": [
        -510220.81166355975,
        -509998.97412081854,
        -510037.1515810292,
        -510272.18597423733,
        -511300.86924200086,
        -510264.1384387762,
        -512318.4061080099,
        -510886.53571525495,
        -509921.1494307078,
        -510703.41433981434,
        -510921.3991355935
    ],
    "0,4": [
        -510354.51998232224,
        -511283.431457671,
        -510168.4453140226,
        -511030.25059280655,
        -509773.3498333634,
        -511680.43025179644,
        -511322.1834680028,
        -510297.6051361632,
        -510671.8892087337,
        -510192.5708746641,
        -511161.01987718703
    ],
    "0,5": [
        -508343.61007424694,
        -510748.8354138471,
        -507791.10760446766,
        -507789.8829453538,
        -508162.7346078643,
        -508558.7208412448,
        -507928.5223689792,
        -508919.9706092305,
        -508164.30167306185,
        -508576.75179452274,
        -509766.9769464223
    ],
    "0,6": [
        -509617.44932771695,
        -509577.6331878564,
        -508707.16240039124,
        -508835.549336907,
        -508765.87047131703,
        -507991.558890192,
        -507006.2024608886,
        -507177.65992761776,
        -506991.8379056717,
        -509152.9423371271,
        -509549.24617660214
    ]
}